Id;user_id;menu_id;menu_name;description;options;created_at;updated_at
;;mode;MODO;Você quer criar um app do zero ou refinar um app/tela existente no Stitch?;"[{""label"":""Criar do zero (create)"",""value"":""create"",""subOptions"":[]},{""label"":""Refinar/Iterar (refine)"",""value"":""refine"",""subOptions"":[]}]";2026-02-18 13:08:51.60369+00;2026-02-18 13:08:51.60369+00
;;platform;PLATAFORMA;Onde o design será aplicado?;"[{""label"":""Mobile (iOS/Android)"",""value"":""mobile"",""subOptions"":[]},{""label"":""Web (desktop + responsivo)"",""value"":""web"",""subOptions"":[]}]";2026-02-18 13:08:51.917074+00;2026-02-18 13:08:51.917074+00
;;app_category;CATEGORIA DO APP;Categoria para orientar padrões de UI e conteúdo.;"[{""label"":""E-commerce"",""value"":""ecommerce"",""subOptions"":[{""label"":""Moda / Apparel"",""value"":""ecommerce_fashion""},{""label"":""Comida / Bebida"",""value"":""ecommerce_food""},{""label"":""Chás / Cerâmicas (Japandi)"",""value"":""ecommerce_tea""},{""label"":""Eletrônicos"",""value"":""ecommerce_electronics""},{""label"":""Cosméticos"",""value"":""ecommerce_beauty""}]},{""label"":""Saúde e Fitness"",""value"":""fitness"",""subOptions"":[{""label"":""Corrida"",""value"":""fitness_running""},{""label"":""Academia"",""value"":""fitness_gym""},{""label"":""Meditação"",""value"":""fitness_meditation""},{""label"":""Nutrição"",""value"":""fitness_nutrition""}]},{""label"":""Finanças"",""value"":""finance"",""subOptions"":[{""label"":""Banco digital"",""value"":""finance_banking""},{""label"":""Gestão de gastos"",""value"":""finance_budgeting""},{""label"":""Investimentos"",""value"":""finance_investing""}]},{""label"":""Produtividade"",""value"":""productivity"",""subOptions"":[{""label"":""Tarefas / To-do"",""value"":""productivity_tasks""},{""label"":""Notas"",""value"":""productivity_notes""},{""label"":""Calendário"",""value"":""productivity_calendar""}]},{""label"":""Comunidade / Social"",""value"":""social"",""subOptions"":[{""label"":""Comunidade de nicho"",""value"":""social_community""},{""label"":""Marketplace"",""value"":""social_marketplace""}]},{""label"":""Educação"",""value"":""education"",""subOptions"":[{""label"":""Cursos"",""value"":""education_courses""},{""label"":""Idiomas"",""value"":""education_languages""}]},{""label"":""Outro (descrever)"",""value"":""other"",""subOptions"":[]}]";2026-02-18 13:08:52.163823+00;2026-02-18 13:08:52.163823+00
;;vibe;VIBE;Adjetivos que definem o clima visual (impacta cores, fontes e imagens).;"[{""label"":""Vibrante e encorajador"",""value"":""vibrante_encorajador"",""subOptions"":[]},{""label"":""Minimalista e focado"",""value"":""minimalista_focado"",""subOptions"":[]},{""label"":""Minimalista e elegante (Japandi)"",""value"":""minimalista_elegante"",""subOptions"":[]},{""label"":""Divertido e jovem"",""value"":""divertido_jovem"",""subOptions"":[]},{""label"":""Premium e sofisticado"",""value"":""premium_sofisticado"",""subOptions"":[]},{""label"":""Tecnológico e limpo"",""value"":""tecnologico_limpo"",""subOptions"":[]},{""label"":""Quente e acolhedor"",""value"":""quente_acolhedor"",""subOptions"":[]}]";2026-02-18 13:08:52.407696+00;2026-02-18 13:08:52.407696+00
;;color_palette;PALETA / CORES;Direcionamento de cores para o tema.;"[{""label"":""Azul primário (brand blue)"",""value"":""azul_primario"",""subOptions"":[]},{""label"":""Verde floresta (forest green)"",""value"":""verde_floresta"",""subOptions"":[]},{""label"":""Laranja claro (light orange)"",""value"":""laranja_claro"",""subOptions"":[]},{""label"":""Neutros quentes (warm neutrals)"",""value"":""neutros_quentes"",""subOptions"":[]},{""label"":""Neutros frios (cool neutrals)"",""value"":""neutros_frios"",""subOptions"":[]},{""label"":""Escuro minimal (dark minimal)"",""value"":""escuro_minimal"",""subOptions"":[]},{""label"":""Personalizado (descrever)"",""value"":""custom"",""subOptions"":[]}]";2026-02-18 13:08:52.65295+00;2026-02-18 13:08:52.65295+00
;;typography;TIPOGRAFIA;Estilo tipográfico para headings e corpo.;"[{""label"":""Sans moderno"",""value"":""sans_moderno"",""subOptions"":[]},{""label"":""Sans divertido / playful"",""value"":""sans_playful"",""subOptions"":[]},{""label"":""Serif editorial (headings)"",""value"":""serif_editorial"",""subOptions"":[]},{""label"":""Serif clássico"",""value"":""serif_classico"",""subOptions"":[]},{""label"":""Monospace sutil (detalhes)"",""value"":""mono_sutil"",""subOptions"":[]}]";2026-02-18 13:08:52.894845+00;2026-02-18 13:08:52.894845+00
;;components_style;ESTILO DE COMPONENTES;Bordas, botões e campos.;"[{""label"":""Botões totalmente arredondados"",""value"":""botoes_arredondados"",""subOptions"":[]},{""label"":""Cantos levemente arredondados"",""value"":""cantos_leves"",""subOptions"":[]},{""label"":""Bordas sutis + sombras suaves"",""value"":""bordas_sutis"",""subOptions"":[]},{""label"":""Inputs com borda 2px preta"",""value"":""inputs_borda_preta_2px"",""subOptions"":[]},{""label"":""Botões retangulares (sharp)"",""value"":""botoes_retos"",""subOptions"":[]}]";2026-02-18 13:08:53.131958+00;2026-02-18 13:08:53.131958+00
;;imagery_style;IMAGENS / ILUSTRAÇÕES;Como devem ser as imagens dentro das telas.;"[{""label"":""Fotografia lifestyle (pessoas reais)"",""value"":""fotografia_lifestyle"",""subOptions"":[]},{""label"":""Fotos macro de produto"",""value"":""macro_produto"",""subOptions"":[]},{""label"":""Ilustração flat minimal"",""value"":""ilustracao_flat_minimal"",""subOptions"":[]},{""label"":""Ícones lineares simples"",""value"":""icones_lineares"",""subOptions"":[]},{""label"":""Sem imagens (somente UI)"",""value"":""sem_imagens"",""subOptions"":[]}]";2026-02-18 13:08:53.383906+00;2026-02-18 13:08:53.383906+00
;;target_screen;TELA ALVO;Em refino, qual tela ou área deve ser modificada?;"[{""label"":""Todas / visão geral"",""value"":""all"",""subOptions"":[]},{""label"":""Onboarding"",""value"":""onboarding"",""subOptions"":[]},{""label"":""Login / Sign-up"",""value"":""auth"",""subOptions"":[]},{""label"":""Home"",""value"":""home"",""subOptions"":[]},{""label"":""Product detail"",""value"":""product_detail"",""subOptions"":[]},{""label"":""Checkout"",""value"":""checkout"",""subOptions"":[]},{""label"":""Perfil / Conta"",""value"":""profile"",""subOptions"":[]},{""label"":""Settings"",""value"":""settings"",""subOptions"":[]},{""label"":""Outra (descrever)"",""value"":""other"",""subOptions"":[]}]";2026-02-18 13:08:53.623456+00;2026-02-18 13:08:53.623456+00
;;change_intent;INTENÇÃO DE MUDANÇA;Em refino, qual tipo de ajuste você quer orientar?;"[{""label"":""Atualizar cor primária"",""value"":""theme_primary_color"",""subOptions"":[]},{""label"":""Atualizar paleta (mood)"",""value"":""theme_palette_mood"",""subOptions"":[]},{""label"":""Trocar tipografia"",""value"":""typography_change"",""subOptions"":[]},{""label"":""Ajustar bordas/botões"",""value"":""components_change"",""subOptions"":[]},{""label"":""Trocar/alinhar imagens ao tema"",""value"":""imagery_alignment"",""subOptions"":[]},{""label"":""Ajustar CTA principal"",""value"":""cta_primary"",""subOptions"":[]},{""label"":""Reorganizar layout (somente esta tela)"",""value"":""layout_refine"",""subOptions"":[]},{""label"":""Acessibilidade (contraste, tamanhos)"",""value"":""accessibility"",""subOptions"":[]},{""label"":""Trocar idioma do texto da UI"",""value"":""language_change"",""subOptions"":[]}]";2026-02-18 13:08:53.8685+00;2026-02-18 13:08:53.8685+00
;;ui_language;IDIOMA DO TEXTO;Idioma para todo o texto da interface.;"[{""label"":""Português (Brasil)"",""value"":""pt_BR"",""subOptions"":[]},{""label"":""Inglês (EUA)"",""value"":""en_US"",""subOptions"":[]},{""label"":""Espanhol"",""value"":""es_ES"",""subOptions"":[]},{""label"":""Francês"",""value"":""fr_FR"",""subOptions"":[]},{""label"":""Personalizado (BCP-47)"",""value"":""custom"",""subOptions"":[]}]";2026-02-18 13:08:54.122843+00;2026-02-18 13:08:54.122843+00
;;paginas_para_auditar;PÁGINAS A SEREM AUDITADAS;Selecione quais rotas/páginas entram na auditoria (público, admin e rotas auxiliares).;"[{""label"":""Paginas para auditoria"",""value"":""paginas_principais"",""subOptions"":[{""label"":""Home"",""value"":""/""},{""label"":""Sobre"",""value"":""/sobre""},{""label"":""Portfólio (listagem)"",""value"":""/portfolio""},{""label"":""Portfólio (detalhe por slug)"",""value"":""/portfolio/[slug]""},{""label"":""Projeto/Landing (por slug)"",""value"":""/projects/[slug]""},{""label"":""Contato"",""value"":""/contato""},{""label"":""Privacidade"",""value"":""/privacidade""},{""label"":""ADMIN"",""value"":""/admin""},{""label"":""Todas as páginas"",""value"":""todas as paginas""}]}]";2026-02-25 10:23:47.493+00;2026-02-25 10:23:47.493+00
;;tipo_de_auditoria;TIPO DE AUDITORIA (O QUE AUDITAR);Selecione os eixos/itens de auditoria a aplicar em cada rota (ordem recomendada: A11y → Performance → Editorial → Motion sutil).;"[{""label"":""Estrutura (Semântica e Arquitetura)"",""value"":""estrutura"",""subOptions"":[{""label"":""Semântica: header/nav/main/section/footer"",""value"":""estrutura_semantica_layout""},{""label"":""1x H1 por página + hierarquia H2/H3"",""value"":""estrutura_headings""},{""label"":""Server/Client Components coerentes (App Router)"",""value"":""estrutura_server_client_boundaries""},{""label"":""Separação de concerns (app/components/lib/hooks/config)"",""value"":""estrutura_concerns""},{""label"":""Roteamento e layouts consistentes (public/admin)"",""value"":""estrutura_layouts_public_admin""}]},{""label"":""UI/UX (Legibilidade e Consistência Visual)"",""value"":""ui_ux"",""subOptions"":[{""label"":""Grid Ghost: colunas/gutters/largura útil"",""value"":""uiux_grid_ghost""},{""label"":""Margens laterais edge-to-edge sem saltos"",""value"":""uiux_margens_laterais""},{""label"":""Escala tipográfica (hierarquia/contraste)"",""value"":""uiux_tipografia""},{""label"":""Consistência de componentes (botões/inputs/cards)"",""value"":""uiux_componentes""},{""label"":""Estados de UI (loading/empty/error/success)"",""value"":""uiux_estados""},{""label"":""Portfolio Grid: cards mesma altura por linha + preencher 100% horizontal"",""value"":""uiux_portfolio_cards""}]},{""label"":""Mobile-first (Responsividade Real)"",""value"":""mobile_first"",""subOptions"":[{""label"":""320px+ sem overflow horizontal"",""value"":""mobile_overflow_320""},{""label"":""Touch targets >= 48x48"",""value"":""mobile_touch_targets""},{""label"":""Layout e tipografia legíveis no mobile"",""value"":""mobile_legibilidade""},{""label"":""Interações por toque (scroll, carrosséis, modais)"",""value"":""mobile_interacoes_toque""}]},{""label"":""Acessibilidade (WCAG AA)"",""value"":""acessibilidade"",""subOptions"":[{""label"":""Contraste (AA) em textos e botões"",""value"":""a11y_contraste""},{""label"":""Foco visível + ordem de tabulação"",""value"":""a11y_focus_tab""},{""label"":""Navegação por teclado completa"",""value"":""a11y_teclado""},{""label"":""ARIA apenas quando necessário (correto)"",""value"":""a11y_aria""},{""label"":""Modal: trap de foco + Esc + retorno de foco"",""value"":""a11y_modal_focus_trap""}]},{""label"":""Motion (Sutil + Reduced Motion)"",""value"":""motion"",""subOptions"":[{""label"":""Proibir: scale/bounce/rotate em conteúdo"",""value"":""motion_proibir_transformacoes""},{""label"":""Permitir: opacity/blur/translateY (<= 18px)"",""value"":""motion_permitidos""},{""label"":""prefers-reduced-motion respeitado (desligar parallax/3D)"",""value"":""motion_reduced_motion""},{""label"":""Lenis/scroll suave sem prejudicar acessibilidade"",""value"":""motion_lenis_safe""}]},{""label"":""Performance (Core Web Vitals + peso)"",""value"":""performance"",""subOptions"":[{""label"":""Peso inicial < 2MB"",""value"":""perf_peso_inicial""},{""label"":""FCP < 2s"",""value"":""perf_fcp""},{""label"":""LCP < 2.5s"",""value"":""perf_lcp""},{""label"":""TTI < 5s (3G)"",""value"":""perf_tti_3g""},{""label"":""CLS < 0.1"",""value"":""perf_cls""},{""label"":""Lighthouse > 90 (páginas principais)"",""value"":""perf_lighthouse""},{""label"":""Imagens (VITE/image, sizing, lazy, formatos)"",""value"":""perf_imagens""},{""label"":""JS/CSS: code-splitting e evitar hidratação desnecessária"",""value"":""perf_bundle_hydration""},{""label"":""R3F/Three: não bloquear conteúdo; carregar sob demanda"",""value"":""perf_three_guardrails""}]},{""label"":""Funcionalidade (Navegação e Comportamentos Críticos)"",""value"":""funcionalidade"",""subOptions"":[{""label"":""Navegação entre rotas (header/links)"",""value"":""func_nav_links""},{""label"":""Abertura de páginas e rotas protegidas (/admin)"",""value"":""func_admin_protected_routes""},{""label"":""Portfolio: card abre modal (sem landing)"",""value"":""func_portfolio_modal_sem_landing""},{""label"":""Portfolio: card abre /projects/[slug] (com landing)"",""value"":""func_portfolio_link_com_landing""},{""label"":""Fechamento de modal (Esc/click fora/botão)"",""value"":""func_modal_close""},{""label"":""CRUD Admin: criar/editar/publish e refletir no público"",""value"":""func_admin_crud_publish""}]},{""label"":""SEO Técnico (quando aplicável)"",""value"":""seo"",""subOptions"":[{""label"":""Metadata (title/description) por rota"",""value"":""seo_metadata""},{""label"":""Canonical"",""value"":""seo_canonical""},{""label"":""Open Graph/Twitter Cards"",""value"":""seo_og""},{""label"":""JSON-LD (quando fizer sentido)"",""value"":""seo_jsonld""},{""label"":""Robots/sitemap (se existir no projeto)"",""value"":""seo_robots_sitemap""}]},{""label"":""Fluxos E2E (Prioridade Máxima)"",""value"":""e2e_fluxos"",""subOptions"":[{""label"":""Header: / → /sobre → /portfolio → #contact"",""value"":""e2e_header_nav""},{""label"":""/portfolio: modal quando não há landing vinculada"",""value"":""e2e_portfolio_modal""},{""label"":""/portfolio: abre /projects/[slug] quando há landing vinculada"",""value"":""e2e_portfolio_project_link""},{""label"":""Modal: Esc + trap de foco + retorno de foco"",""value"":""e2e_modal_a11y""},{""label"":""Admin: criar/editar landing page e visualizar pública"",""value"":""e2e_admin_landing_publish""},{""label"":""Admin: publicar trabalho e validar visibilidade em Home/Portfólio"",""value"":""e2e_admin_trabalho_publish""}]},{""label"":""Full Auditoria"",""value"":""Executar uma auditoria página por página, incluindo área `ADMIN`, avaliando: 1. Estrutura, 2. UI/UX, 3. Mobile-first, 4. Animações, 5. Performance, 6. Funcionalidade de abertura de páginas, 7. Execução da abertura dos cards, 8. Visualização das landing pages, 9. Visualização dos trabalhos postados"",""subOptions"":[]}]";2026-02-25 10:24:08.133+00;2026-02-25 10:24:08.133+00