id,user_id,menu_id,menu_name,description,options,created_at,updated_at
1,7f99eac4-78e5-4eac-a1c3-bf02d466df07,tom,Tom,Define o tom de comunicação do prompt,"[{""label"":""Formal"",""value"":""formal"",""subOptions"":[{""label"":""Corporativo"",""value"":""corporativo""},{""label"":""Acadêmico"",""value"":""academico""},{""label"":""Jurídico"",""value"":""juridico""}]},{""label"":""Informal"",""value"":""informal"",""subOptions"":[{""label"":""Conversacional"",""value"":""conversacional""},{""label"":""Humorístico"",""value"":""humoristico""}]},{""label"":""Técnico"",""value"":""tecnico"",""subOptions"":[{""label"":""Conciso"",""value"":""conciso""},{""label"":""Detalhado"",""value"":""detalhado""},{""label"":""Acadêmico"",""value"":""academico""}]},{""label"":""Didático"",""value"":""didatico"",""subOptions"":[]},{""label"":""Persuasivo"",""value"":""persuasivo"",""subOptions"":[]},{""label"":""Neutro"",""value"":""neutro"",""subOptions"":[]}]",2026-02-12 23:44:07.843926+00,2026-02-12 23:44:07.843926+00
2,7f99eac4-78e5-4eac-a1c3-bf02d466df07,publico,Público,Define o público-alvo do prompt,"[{""label"":""Desenvolvedores"",""value"":""desenvolvedores"",""subOptions"":[{""label"":""Júnior"",""value"":""junior""},{""label"":""Sênior"",""value"":""senior""},{""label"":""Full Stack"",""value"":""fullstack""}]},{""label"":""Executivos"",""value"":""executivos"",""subOptions"":[]},{""label"":""Estudantes"",""value"":""estudantes"",""subOptions"":[{""label"":""Ensino Médio"",""value"":""ensino_medio""},{""label"":""Graduação"",""value"":""graduacao""},{""label"":""Pós-Graduação"",""value"":""pos_graduacao""}]},{""label"":""Público Geral"",""value"":""publico_geral"",""subOptions"":[]},{""label"":""Especialistas"",""value"":""especialistas"",""subOptions"":[]},{""label"":""Crianças"",""value"":""criancas"",""subOptions"":[]}]",2026-02-12 23:44:08.036945+00,2026-02-12 23:44:08.036945+00
3,7f99eac4-78e5-4eac-a1c3-bf02d466df07,idioma,Idioma,Define o idioma de resposta do prompt,"[{""label"":""Português (BR)"",""value"":""pt-br"",""subOptions"":[]},{""label"":""Inglês"",""value"":""en"",""subOptions"":[{""label"":""Americano"",""value"":""en-us""},{""label"":""Britânico"",""value"":""en-gb""}]},{""label"":""Espanhol"",""value"":""es"",""subOptions"":[]},{""label"":""Francês"",""value"":""fr"",""subOptions"":[]},{""label"":""Alemão"",""value"":""de"",""subOptions"":[]}]",2026-02-12 23:44:08.216397+00,2026-02-12 23:44:08.216397+00
4,7f99eac4-78e5-4eac-a1c3-bf02d466df07,estilo,Estilo,Define o estilo de formatação da saída,"[{""label"":""Conciso"",""value"":""conciso"",""subOptions"":[]},{""label"":""Detalhado"",""value"":""detalhado"",""subOptions"":[{""label"":""Com exemplos"",""value"":""com_exemplos""},{""label"":""Com referências"",""value"":""com_referencias""}]},{""label"":""Passo a passo"",""value"":""passo_a_passo"",""subOptions"":[]},{""label"":""Lista"",""value"":""lista"",""subOptions"":[]},{""label"":""Narrativo"",""value"":""narrativo"",""subOptions"":[{""label"":""Storytelling"",""value"":""storytelling""},{""label"":""Metáforas"",""value"":""metaforas""}]},{""label"":""Comparativo"",""value"":""comparativo"",""subOptions"":[]}]",2026-02-12 23:44:08.402834+00,2026-02-12 23:44:08.402834+00
5,7f99eac4-78e5-4eac-a1c3-bf02d466df07,pecas,TIPOS DE PEÇAS,Quais formatos de peças para criação da cena?,"[{""label"":""Impresso"",""value"":""impresso"",""subOptions"":[{""label"":""Cartaz"",""value"":""cartaz""},{""label"":""Pôster"",""value"":""poster""},{""label"":""Flyer"",""value"":""flyer""},{""label"":""Panfleto"",""value"":""panfleto""},{""label"":""Folder"",""value"":""folder""},{""label"":""Catálogo"",""value"":""catalogo""},{""label"":""Revista"",""value"":""revista""},{""label"":""Jornal (Anúncio)"",""value"":""jornal_anuncio""},{""label"":""Outdoor"",""value"":""outdoor""},{""label"":""Painel Publicitário"",""value"":""painel_publicitario""},{""label"":""Banner Impresso"",""value"":""banner_impresso""},{""label"":""Faixa"",""value"":""faixa""},{""label"":""Backdrop"",""value"":""backdrop""},{""label"":""Adesivo"",""value"":""adesivo""},{""label"":""Etiqueta"",""value"":""etiqueta""},{""label"":""Embalagem"",""value"":""embalagem""},{""label"":""Rótulo"",""value"":""rotulo""},{""label"":""Display de PDV"",""value"":""display_pdv""},{""label"":""Totem"",""value"":""totem""},{""label"":""Wobbler"",""value"":""wobbler""},{""label"":""Stopper"",""value"":""stopper""}]},{""label"":""Papelaria"",""value"":""papelaria"",""subOptions"":[{""label"":""Cartão de Visita"",""value"":""cartao_visita""},{""label"":""Papel Timbrado"",""value"":""papel_timbrado""},{""label"":""Envelope"",""value"":""envelope""},{""label"":""Pasta Institucional"",""value"":""pasta_institucional""},{""label"":""Bloco de Notas"",""value"":""bloco_notas""},{""label"":""Crachá"",""value"":""cracha""},{""label"":""Assinatura de E-mail"",""value"":""assinatura_email""},{""label"":""Cartão de Agradecimento"",""value"":""cartao_agradecimento""},{""label"":""Ficha Técnica"",""value"":""ficha_tecnica""},{""label"":""Ficha de Produto"",""value"":""ficha_produto""},{""label"":""Manual de Marca"",""value"":""manual_marca""},{""label"":""Guia Rápido"",""value"":""guia_rapido""},{""label"":""Certificado"",""value"":""certificado""}]},{""label"":""Web / Digital"",""value"":""web"",""subOptions"":[{""label"":""Banner para Site"",""value"":""banner_site""},{""label"":""Banner Animado"",""value"":""banner_animado""},{""label"":""Pop-up"",""value"":""popup""},{""label"":""Landing Page"",""value"":""landing_page""},{""label"":""Página Institucional"",""value"":""pagina_institucional""},{""label"":""Hotsite"",""value"":""hotsite""},{""label"":""Email Marketing"",""value"":""email_marketing""},{""label"":""Newsletter"",""value"":""newsletter""},{""label"":""Assinatura de E-mail Digital"",""value"":""assinatura_email_digital""},{""label"":""Apresentação Digital"",""value"":""apresentacao_digital""},{""label"":""PDF Institucional"",""value"":""pdf_institucional""},{""label"":""E-book"",""value"":""ebook""},{""label"":""Whitepaper"",""value"":""whitepaper""},{""label"":""Infográfico"",""value"":""infografico""},{""label"":""Case Digital"",""value"":""case_digital""},{""label"":""Media Kit Digital"",""value"":""media_kit_digital""}]},{""label"":""Social Media"",""value"":""social_media"",""subOptions"":[{""label"":""Post Estático"",""value"":""post_estatico""},{""label"":""Post Carrossel"",""value"":""post_carrossel""},{""label"":""Post Motion"",""value"":""post_motion""},{""label"":""Story"",""value"":""story""},{""label"":""Story Animado"",""value"":""story_animado""},{""label"":""Reels"",""value"":""reels""},{""label"":""Vídeo Curto"",""value"":""video_curto""},{""label"":""Capa de Perfil"",""value"":""capa_perfil""},{""label"":""Capa de Destaque"",""value"":""capa_destaque""},{""label"":""Anúncio Patrocinado"",""value"":""anuncio_patrocinado""},{""label"":""Criativo para Ads"",""value"":""criativo_ads""},{""label"":""Thumbnail"",""value"":""thumbnail""},{""label"":""GIF"",""value"":""gif""},{""label"":""Sticker"",""value"":""sticker""}]},{""label"":""Vídeo / Audiovisual"",""value"":""video"",""subOptions"":[{""label"":""Vídeo Institucional"",""value"":""video_institucional""},{""label"":""Vídeo Manifesto"",""value"":""video_manifesto""},{""label"":""Vídeo Publicitário"",""value"":""video_publicitario""},{""label"":""Comercial para TV"",""value"":""comercial_tv""},{""label"":""Vídeo para Internet"",""value"":""video_internet""},{""label"":""Vídeo Vertical"",""value"":""video_vertical""},{""label"":""Vídeo Horizontal"",""value"":""video_horizontal""},{""label"":""Vídeo Quadrado"",""value"":""video_quadrado""},{""label"":""Vídeo de Produto"",""value"":""video_produto""},{""label"":""Vídeo Demonstrativo"",""value"":""video_demonstrativo""},{""label"":""Vídeo Explicativo"",""value"":""video_explicativo""},{""label"":""Vídeo Educativo"",""value"":""video_educativo""},{""label"":""Vídeo de Treinamento"",""value"":""video_treinamento""},{""label"":""Vídeo para Evento"",""value"":""video_evento""},{""label"":""Vídeo de Bastidores"",""value"":""video_bastidores""},{""label"":""Motion Graphics"",""value"":""motion_graphics""},{""label"":""Animação 2D"",""value"":""animacao_2d""},{""label"":""Animação 3D"",""value"":""animacao_3d""}]},{""label"":""Criação / Conteúdo"",""value"":""criacao"",""subOptions"":[{""label"":""Roteiro"",""value"":""roteiro""},{""label"":""Roteiro de Vídeo"",""value"":""roteiro_video""},{""label"":""Roteiro para Reels"",""value"":""roteiro_reels""},{""label"":""Roteiro para Stories"",""value"":""roteiro_stories""},{""label"":""Argumento Criativo"",""value"":""argumento_criativo""},{""label"":""Conceito Criativo"",""value"":""conceito_criativo""},{""label"":""Ideia de Campanha"",""value"":""ideia_campanha""},{""label"":""Linha Criativa"",""value"":""linha_criativa""},{""label"":""Naming"",""value"":""naming""},{""label"":""Slogan"",""value"":""slogan""},{""label"":""Tagline"",""value"":""tagline""},{""label"":""Texto Publicitário"",""value"":""texto_publicitario""},{""label"":""Copy para Anúncios"",""value"":""copy_anuncios""},{""label"":""Copy para Redes Sociais"",""value"":""copy_redes_sociais""},{""label"":""Storyboard"",""value"":""storyboard""},{""label"":""Moodboard"",""value"":""moodboard""}]}]",2026-02-12 23:44:08.599995+00,2026-02-12 23:44:08.599995+00
6,7f99eac4-78e5-4eac-a1c3-bf02d466df07,cenas,TIPOS DE CENA,Qual tipo de cena/ambientação você quer gerar para aplicar a peça publicitária?,"[{""label"":""Dispositivos Digitais"",""value"":""dispositivos_digitais"",""subOptions"":[{""label"":""Celular sobre mesa de trabalho"",""value"":""celular_mesa_trabalho""},{""label"":""Celular sobre mesa de café"",""value"":""celular_mesa_cafe""},{""label"":""Mão segurando celular em pé"",""value"":""mao_segurando_celular_em_pe""},{""label"":""Mão segurando celular sentado"",""value"":""mao_segurando_celular_sentado""},{""label"":""Notebook em mesa de escritório"",""value"":""notebook_mesa_escritorio""},{""label"":""Desktop em estação de trabalho"",""value"":""desktop_estacao_trabalho""},{""label"":""Tablet em ambiente criativo"",""value"":""tablet_ambiente_criativo""},{""label"":""Setup com múltiplas telas"",""value"":""setup_multiplas_telas""},{""label"":""Celular sobre bancada de cozinha"",""value"":""celular_bancada_cozinha""},{""label"":""Celular em banco de praça"",""value"":""celular_banco_praca""},{""label"":""Celular no painel do carro"",""value"":""celular_painel_carro""},{""label"":""Smartwatch exibindo notificação"",""value"":""smartwatch_notificacao""},{""label"":""Notebook em cafeteria com reflexo urbano"",""value"":""notebook_cafeteria_reflexo""},{""label"":""Celular sobre mala em aeroporto"",""value"":""celular_mala_aeroporto""},{""label"":""Celular na mesa de cabeceira à noite"",""value"":""celular_cabeceira_noite""}]},{""label"":""Social Media no Cotidiano"",""value"":""social_cotidiano"",""subOptions"":[{""label"":""Pessoa rolando feed no sofá"",""value"":""pessoa_rolando_feed_sofa""},{""label"":""Selfie com celular mostrando post"",""value"":""selfie_celular_mostrando_post""},{""label"":""Grupo de amigos vendo tela do celular"",""value"":""grupo_amigos_vendo_celular""},{""label"":""Pessoa em café olhando Instagram"",""value"":""pessoa_cafe_instagram""},{""label"":""Pessoa no transporte público olhando post"",""value"":""pessoa_transporte_publico_post""},{""label"":""Pessoa deitada interagindo com stories"",""value"":""pessoa_deitada_stories""},{""label"":""Pessoa mostrando post para atendente"",""value"":""pessoa_mostrando_post_loja""},{""label"":""Pessoa usando celular na fila"",""value"":""pessoa_fila_celular""},{""label"":""Casal comparando posts"",""value"":""casal_comparando_posts""},{""label"":""Pessoa reagindo a post"",""value"":""pessoa_reagindo_post""}]},{""label"":""Mesa de Escritório / Papelaria"",""value"":""mesa_escritorio_papelaria"",""subOptions"":[{""label"":""Mesa minimalista com papelaria"",""value"":""mesa_minimalista_papelaria""},{""label"":""Cartões de visita sobre madeira"",""value"":""cartoes_visita_madeira""},{""label"":""Kit papelaria corporativa completo"",""value"":""kit_papelaria_corporativa""},{""label"":""Mesa com notebook, bloco e caneta"",""value"":""mesa_notebook_bloco_caneta""},{""label"":""Mesa de criação com materiais gráficos"",""value"":""mesa_criacao_materiais_graficos""},{""label"":""Moodboard com peça aplicada"",""value"":""moodboard_peca_aplicada""},{""label"":""Envelope personalizado aberto"",""value"":""envelope_personalizado_aberto""},{""label"":""Planner com anúncio aplicado"",""value"":""planner_anuncio_aplicado""},{""label"":""Sketchbook com layout impresso"",""value"":""sketchbook_layout_impresso""},{""label"":""Flat lay com materiais gráficos"",""value"":""flat_lay_materiais_graficos""}]},{""label"":""Mídia Externa / Outdoor"",""value"":""midia_externa"",""subOptions"":[{""label"":""Outdoor em avenida movimentada de dia"",""value"":""outdoor_avenida_dia""},{""label"":""Outdoor em avenida movimentada à noite"",""value"":""outdoor_avenida_noite""},{""label"":""Painel em ponto de ônibus"",""value"":""painel_ponto_onibus""},{""label"":""Mídia em estação de metrô"",""value"":""midia_estacao_metro""},{""label"":""Painel em shopping center"",""value"":""painel_shopping_center""},{""label"":""Empena lateral de prédio"",""value"":""empena_predio""},{""label"":""Painel digital em aeroporto"",""value"":""painel_digital_aeroporto""},{""label"":""Mídia em elevador corporativo"",""value"":""midia_elevador_corporativo""},{""label"":""Adesivagem em ônibus urbano"",""value"":""adesivagem_onibus_urbano""},{""label"":""Painel LED em festival"",""value"":""painel_led_festival""}]},{""label"":""Loja / Varejo / PDV"",""value"":""loja_varejo_pdv"",""subOptions"":[{""label"":""Prateleira de mercado com embalagem"",""value"":""prateleira_mercado_embalagem""},{""label"":""Balcão de loja com display"",""value"":""balcao_loja_display""},{""label"":""Ilha de produto em supermercado"",""value"":""ilha_produto_supermercado""},{""label"":""Loja de rua com vitrine"",""value"":""loja_rua_vitrine""},{""label"":""Sacola personalizada em uso"",""value"":""sacola_personalizada_uso""},{""label"":""Totem digital interativo"",""value"":""totem_digital_interativo""},{""label"":""Caixa de checkout com branding"",""value"":""checkout_branding""},{""label"":""Provador com comunicação visual"",""value"":""provador_comunicacao_visual""},{""label"":""Tela de autoatendimento com campanha"",""value"":""tela_autoatendimento_campanha""}]}]",2026-02-18 00:59:13.791111+00,2026-02-18 00:59:13.791111+00
7,7f99eac4-78e5-4eac-a1c3-bf02d466df07,arte-direction,Nível de Direção de Arte,Qual tipo de design você quer gerar para aplicar a peça publicitária?,"[{""label"":""Minimalista"",""value"":""minimalista"",""subOptions"":[{""label"":""Fundo neutro"",""value"":""fundo_neutro""},{""label"":""Poucos elementos"",""value"":""poucos_elementos""},{""label"":""Espaço negativo dominante"",""value"":""espaco_negativo_dominante""},{""label"":""Paleta reduzida"",""value"":""paleta_reduzida""},{""label"":""Luz suave e difusa"",""value"":""luz_suave_difusa""}]},{""label"":""Premium / Sofisticado"",""value"":""premium"",""subOptions"":[{""label"":""Materiais nobres (mármore, vidro, metal escovado)"",""value"":""materiais_nobres""},{""label"":""Iluminação dramática"",""value"":""iluminacao_dramatica""},{""label"":""Sombras marcadas"",""value"":""sombras_marcadas""},{""label"":""Ambiente elegante"",""value"":""ambiente_elegante""},{""label"":""Composição refinada"",""value"":""composicao_refinada""}]},{""label"":""Urbano / Contemporâneo"",""value"":""urbano"",""subOptions"":[{""label"":""Texturas de concreto e metal"",""value"":""texturas_concreto_metal""},{""label"":""Ambiente de cidade"",""value"":""ambiente_cidade""},{""label"":""Luz natural contrastada"",""value"":""luz_natural_contrastada""},{""label"":""Elementos reais do cotidiano"",""value"":""elementos_reais_cotidiano""},{""label"":""Estética moderna"",""value"":""estetica_moderna""}]},{""label"":""Orgânico / Natural"",""value"":""organico"",""subOptions"":[{""label"":""Madeira, tecido, plantas"",""value"":""madeira_tecido_plantas""},{""label"":""Luz natural quente"",""value"":""luz_natural_quente""},{""label"":""Ambiente acolhedor"",""value"":""ambiente_acolhedor""},{""label"":""Texturas naturais"",""value"":""texturas_naturais""},{""label"":""Clima leve e humano"",""value"":""clima_leve_humano""}]},{""label"":""Tech / Futurista"",""value"":""tech"",""subOptions"":[{""label"":""Iluminação LED"",""value"":""iluminacao_led""},{""label"":""Reflexos digitais"",""value"":""reflexos_digitais""},{""label"":""Ambiente high-tech"",""value"":""ambiente_hightech""},{""label"":""Cores frias"",""value"":""cores_frias""},{""label"":""Estética clean tecnológica"",""value"":""estetica_clean_tecnologica""}]},{""label"":""Criativo / Experimental"",""value"":""criativo"",""subOptions"":[{""label"":""Composição não convencional"",""value"":""composicao_nao_convencional""},{""label"":""Perspectiva ousada"",""value"":""perspectiva_ousada""},{""label"":""Mistura de materiais"",""value"":""mistura_materiais""},{""label"":""Elementos gráficos integrados"",""value"":""elementos_graficos_integrados""},{""label"":""Iluminação artística"",""value"":""iluminacao_artistica""}]},{""label"":""Editorial / Cinematográfico"",""value"":""editorial"",""subOptions"":[{""label"":""Narrativa visual"",""value"":""narrativa_visual""},{""label"":""Profundidade de campo"",""value"":""profundidade_campo""},{""label"":""Luz direcional"",""value"":""luz_direcional""},{""label"":""Atmosfera dramática"",""value"":""atmosfera_dramatica""},{""label"":""Composição de storytelling"",""value"":""composicao_storytelling""}]}]",2026-02-18 00:59:14.165718+00,2026-02-18 00:59:14.165718+00
8,d102bfec-477c-46b4-9f8d-d00a034f3739,tom,Tom,Define o tom de comunicação do prompt,"[{""label"":""Formal"",""value"":""formal"",""subOptions"":[{""label"":""Corporativo"",""value"":""corporativo""},{""label"":""Acadêmico"",""value"":""academico""},{""label"":""Jurídico"",""value"":""juridico""}]},{""label"":""Informal"",""value"":""informal"",""subOptions"":[{""label"":""Conversacional"",""value"":""conversacional""},{""label"":""Humorístico"",""value"":""humoristico""}]},{""label"":""Técnico"",""value"":""tecnico"",""subOptions"":[{""label"":""Conciso"",""value"":""conciso""},{""label"":""Detalhado"",""value"":""detalhado""},{""label"":""Acadêmico"",""value"":""academico""}]},{""label"":""Didático"",""value"":""didatico"",""subOptions"":[]},{""label"":""Persuasivo"",""value"":""persuasivo"",""subOptions"":[]},{""label"":""Neutro"",""value"":""neutro"",""subOptions"":[]}]",2026-02-18 03:49:53.050246+00,2026-02-18 03:49:53.050246+00
9,d102bfec-477c-46b4-9f8d-d00a034f3739,publico,Público,Define o público-alvo do prompt,"[{""label"":""Desenvolvedores"",""value"":""desenvolvedores"",""subOptions"":[{""label"":""Júnior"",""value"":""junior""},{""label"":""Sênior"",""value"":""senior""},{""label"":""Full Stack"",""value"":""fullstack""}]},{""label"":""Executivos"",""value"":""executivos"",""subOptions"":[]},{""label"":""Estudantes"",""value"":""estudantes"",""subOptions"":[{""label"":""Ensino Médio"",""value"":""ensino_medio""},{""label"":""Graduação"",""value"":""graduacao""},{""label"":""Pós-Graduação"",""value"":""pos_graduacao""}]},{""label"":""Público Geral"",""value"":""publico_geral"",""subOptions"":[]},{""label"":""Especialistas"",""value"":""especialistas"",""subOptions"":[]},{""label"":""Crianças"",""value"":""criancas"",""subOptions"":[]}]",2026-02-18 03:49:53.227045+00,2026-02-18 03:49:53.227045+00
10,d102bfec-477c-46b4-9f8d-d00a034f3739,idioma,Idioma,Define o idioma de resposta do prompt,"[{""label"":""Português (BR)"",""value"":""pt-br"",""subOptions"":[]},{""label"":""Inglês"",""value"":""en"",""subOptions"":[{""label"":""Americano"",""value"":""en-us""},{""label"":""Britânico"",""value"":""en-gb""}]},{""label"":""Espanhol"",""value"":""es"",""subOptions"":[]},{""label"":""Francês"",""value"":""fr"",""subOptions"":[]},{""label"":""Alemão"",""value"":""de"",""subOptions"":[]}]",2026-02-18 03:49:53.397924+00,2026-02-18 03:49:53.397924+00
11,d102bfec-477c-46b4-9f8d-d00a034f3739,estilo,Estilo,Define o estilo de formatação da saída,"[{""label"":""Conciso"",""value"":""conciso"",""subOptions"":[]},{""label"":""Detalhado"",""value"":""detalhado"",""subOptions"":[{""label"":""Com exemplos"",""value"":""com_exemplos""},{""label"":""Com referências"",""value"":""com_referencias""}]},{""label"":""Passo a passo"",""value"":""passo_a_passo"",""subOptions"":[]},{""label"":""Lista"",""value"":""lista"",""subOptions"":[]},{""label"":""Narrativo"",""value"":""narrativo"",""subOptions"":[{""label"":""Storytelling"",""value"":""storytelling""},{""label"":""Metáforas"",""value"":""metaforas""}]},{""label"":""Comparativo"",""value"":""comparativo"",""subOptions"":[]}]",2026-02-18 03:49:53.572707+00,2026-02-18 03:49:53.572707+00
12,7f99eac4-78e5-4eac-a1c3-bf02d466df07,mode,MODO,Você quer criar um app do zero ou refinar um app/tela existente no Stitch?,"[{""label"":""Criar do zero (create)"",""value"":""create"",""subOptions"":[]},{""label"":""Refinar/Iterar (refine)"",""value"":""refine"",""subOptions"":[]}]",2026-02-18 13:08:51.60369+00,2026-02-18 13:08:51.60369+00
13,7f99eac4-78e5-4eac-a1c3-bf02d466df07,platform,PLATAFORMA,Onde o design será aplicado?,"[{""label"":""Mobile (iOS/Android)"",""value"":""mobile"",""subOptions"":[]},{""label"":""Web (desktop + responsivo)"",""value"":""web"",""subOptions"":[]}]",2026-02-18 13:08:51.917074+00,2026-02-18 13:08:51.917074+00
14,7f99eac4-78e5-4eac-a1c3-bf02d466df07,app_category,CATEGORIA DO APP,Categoria para orientar padrões de UI e conteúdo.,"[{""label"":""E-commerce"",""value"":""ecommerce"",""subOptions"":[{""label"":""Moda / Apparel"",""value"":""ecommerce_fashion""},{""label"":""Comida / Bebida"",""value"":""ecommerce_food""},{""label"":""Chás / Cerâmicas (Japandi)"",""value"":""ecommerce_tea""},{""label"":""Eletrônicos"",""value"":""ecommerce_electronics""},{""label"":""Cosméticos"",""value"":""ecommerce_beauty""}]},{""label"":""Saúde e Fitness"",""value"":""fitness"",""subOptions"":[{""label"":""Corrida"",""value"":""fitness_running""},{""label"":""Academia"",""value"":""fitness_gym""},{""label"":""Meditação"",""value"":""fitness_meditation""},{""label"":""Nutrição"",""value"":""fitness_nutrition""}]},{""label"":""Finanças"",""value"":""finance"",""subOptions"":[{""label"":""Banco digital"",""value"":""finance_banking""},{""label"":""Gestão de gastos"",""value"":""finance_budgeting""},{""label"":""Investimentos"",""value"":""finance_investing""}]},{""label"":""Produtividade"",""value"":""productivity"",""subOptions"":[{""label"":""Tarefas / To-do"",""value"":""productivity_tasks""},{""label"":""Notas"",""value"":""productivity_notes""},{""label"":""Calendário"",""value"":""productivity_calendar""}]},{""label"":""Comunidade / Social"",""value"":""social"",""subOptions"":[{""label"":""Comunidade de nicho"",""value"":""social_community""},{""label"":""Marketplace"",""value"":""social_marketplace""}]},{""label"":""Educação"",""value"":""education"",""subOptions"":[{""label"":""Cursos"",""value"":""education_courses""},{""label"":""Idiomas"",""value"":""education_languages""}]},{""label"":""Outro (descrever)"",""value"":""other"",""subOptions"":[]}]",2026-02-18 13:08:52.163823+00,2026-02-18 13:08:52.163823+00
15,7f99eac4-78e5-4eac-a1c3-bf02d466df07,vibe,VIBE,"Adjetivos que definem o clima visual (impacta cores, fontes e imagens).","[{""label"":""Vibrante e encorajador"",""value"":""vibrante_encorajador"",""subOptions"":[]},{""label"":""Minimalista e focado"",""value"":""minimalista_focado"",""subOptions"":[]},{""label"":""Minimalista e elegante (Japandi)"",""value"":""minimalista_elegante"",""subOptions"":[]},{""label"":""Divertido e jovem"",""value"":""divertido_jovem"",""subOptions"":[]},{""label"":""Premium e sofisticado"",""value"":""premium_sofisticado"",""subOptions"":[]},{""label"":""Tecnológico e limpo"",""value"":""tecnologico_limpo"",""subOptions"":[]},{""label"":""Quente e acolhedor"",""value"":""quente_acolhedor"",""subOptions"":[]}]",2026-02-18 13:08:52.407696+00,2026-02-18 13:08:52.407696+00
16,7f99eac4-78e5-4eac-a1c3-bf02d466df07,color_palette,PALETA / CORES,Direcionamento de cores para o tema.,"[{""label"":""Azul primário (brand blue)"",""value"":""azul_primario"",""subOptions"":[]},{""label"":""Verde floresta (forest green)"",""value"":""verde_floresta"",""subOptions"":[]},{""label"":""Laranja claro (light orange)"",""value"":""laranja_claro"",""subOptions"":[]},{""label"":""Neutros quentes (warm neutrals)"",""value"":""neutros_quentes"",""subOptions"":[]},{""label"":""Neutros frios (cool neutrals)"",""value"":""neutros_frios"",""subOptions"":[]},{""label"":""Escuro minimal (dark minimal)"",""value"":""escuro_minimal"",""subOptions"":[]},{""label"":""Personalizado (descrever)"",""value"":""custom"",""subOptions"":[]}]",2026-02-18 13:08:52.65295+00,2026-02-18 13:08:52.65295+00
17,7f99eac4-78e5-4eac-a1c3-bf02d466df07,typography,TIPOGRAFIA,Estilo tipográfico para headings e corpo.,"[{""label"":""Sans moderno"",""value"":""sans_moderno"",""subOptions"":[]},{""label"":""Sans divertido / playful"",""value"":""sans_playful"",""subOptions"":[]},{""label"":""Serif editorial (headings)"",""value"":""serif_editorial"",""subOptions"":[]},{""label"":""Serif clássico"",""value"":""serif_classico"",""subOptions"":[]},{""label"":""Monospace sutil (detalhes)"",""value"":""mono_sutil"",""subOptions"":[]}]",2026-02-18 13:08:52.894845+00,2026-02-18 13:08:52.894845+00
18,7f99eac4-78e5-4eac-a1c3-bf02d466df07,components_style,ESTILO DE COMPONENTES,"Bordas, botões e campos.","[{""label"":""Botões totalmente arredondados"",""value"":""botoes_arredondados"",""subOptions"":[]},{""label"":""Cantos levemente arredondados"",""value"":""cantos_leves"",""subOptions"":[]},{""label"":""Bordas sutis + sombras suaves"",""value"":""bordas_sutis"",""subOptions"":[]},{""label"":""Inputs com borda 2px preta"",""value"":""inputs_borda_preta_2px"",""subOptions"":[]},{""label"":""Botões retangulares (sharp)"",""value"":""botoes_retos"",""subOptions"":[]}]",2026-02-18 13:08:53.131958+00,2026-02-18 13:08:53.131958+00
19,7f99eac4-78e5-4eac-a1c3-bf02d466df07,imagery_style,IMAGENS / ILUSTRAÇÕES,Como devem ser as imagens dentro das telas.,"[{""label"":""Fotografia lifestyle (pessoas reais)"",""value"":""fotografia_lifestyle"",""subOptions"":[]},{""label"":""Fotos macro de produto"",""value"":""macro_produto"",""subOptions"":[]},{""label"":""Ilustração flat minimal"",""value"":""ilustracao_flat_minimal"",""subOptions"":[]},{""label"":""Ícones lineares simples"",""value"":""icones_lineares"",""subOptions"":[]},{""label"":""Sem imagens (somente UI)"",""value"":""sem_imagens"",""subOptions"":[]}]",2026-02-18 13:08:53.383906+00,2026-02-18 13:08:53.383906+00
20,7f99eac4-78e5-4eac-a1c3-bf02d466df07,target_screen,TELA ALVO,"Em refino, qual tela ou área deve ser modificada?","[{""label"":""Todas / visão geral"",""value"":""all"",""subOptions"":[]},{""label"":""Onboarding"",""value"":""onboarding"",""subOptions"":[]},{""label"":""Login / Sign-up"",""value"":""auth"",""subOptions"":[]},{""label"":""Home"",""value"":""home"",""subOptions"":[]},{""label"":""Product detail"",""value"":""product_detail"",""subOptions"":[]},{""label"":""Checkout"",""value"":""checkout"",""subOptions"":[]},{""label"":""Perfil / Conta"",""value"":""profile"",""subOptions"":[]},{""label"":""Settings"",""value"":""settings"",""subOptions"":[]},{""label"":""Outra (descrever)"",""value"":""other"",""subOptions"":[]}]",2026-02-18 13:08:53.623456+00,2026-02-18 13:08:53.623456+00
21,7f99eac4-78e5-4eac-a1c3-bf02d466df07,change_intent,INTENÇÃO DE MUDANÇA,"Em refino, qual tipo de ajuste você quer orientar?","[{""label"":""Atualizar cor primária"",""value"":""theme_primary_color"",""subOptions"":[]},{""label"":""Atualizar paleta (mood)"",""value"":""theme_palette_mood"",""subOptions"":[]},{""label"":""Trocar tipografia"",""value"":""typography_change"",""subOptions"":[]},{""label"":""Ajustar bordas/botões"",""value"":""components_change"",""subOptions"":[]},{""label"":""Trocar/alinhar imagens ao tema"",""value"":""imagery_alignment"",""subOptions"":[]},{""label"":""Ajustar CTA principal"",""value"":""cta_primary"",""subOptions"":[]},{""label"":""Reorganizar layout (somente esta tela)"",""value"":""layout_refine"",""subOptions"":[]},{""label"":""Acessibilidade (contraste, tamanhos)"",""value"":""accessibility"",""subOptions"":[]},{""label"":""Trocar idioma do texto da UI"",""value"":""language_change"",""subOptions"":[]}]",2026-02-18 13:08:53.8685+00,2026-02-18 13:08:53.8685+00
22,7f99eac4-78e5-4eac-a1c3-bf02d466df07,ui_language,IDIOMA DO TEXTO,Idioma para todo o texto da interface.,"[{""label"":""Português (Brasil)"",""value"":""pt_BR"",""subOptions"":[]},{""label"":""Inglês (EUA)"",""value"":""en_US"",""subOptions"":[]},{""label"":""Espanhol"",""value"":""es_ES"",""subOptions"":[]},{""label"":""Francês"",""value"":""fr_FR"",""subOptions"":[]},{""label"":""Personalizado (BCP-47)"",""value"":""custom"",""subOptions"":[]}]",2026-02-18 13:08:54.122843+00,2026-02-18 13:08:54.122843+00
25,7f99eac4-78e5-4eac-a1c3-bf02d466df07,paginas_para_auditar,PÁGINAS A SEREM AUDITADAS,"Selecione quais rotas/páginas entram na auditoria (público, admin e rotas auxiliares).","[{""label"":""Paginas para auditoria"",""value"":""paginas_principais"",""subOptions"":[{""label"":""Home"",""value"":""/""},{""label"":""Sobre"",""value"":""/sobre""},{""label"":""Portfólio (listagem)"",""value"":""/portfolio""},{""label"":""Portfólio (detalhe por slug)"",""value"":""/portfolio/[slug]""},{""label"":""Projeto/Landing (por slug)"",""value"":""/projects/[slug]""},{""label"":""Contato"",""value"":""/contato""},{""label"":""Privacidade"",""value"":""/privacidade""},{""label"":""ADMIN"",""value"":""/admin""},{""label"":""Todas as páginas"",""value"":""todas as paginas""}]}]",2026-02-25 10:23:47.493+00,2026-02-25 10:23:47.493+00
26,7f99eac4-78e5-4eac-a1c3-bf02d466df07,tipo_de_auditoria,TIPO DE AUDITORIA (O QUE AUDITAR),Selecione os eixos/itens de auditoria a aplicar em cada rota (ordem recomendada: A11y → Performance → Editorial → Motion sutil).,"[{""label"":""Estrutura (Semântica e Arquitetura)"",""value"":""estrutura"",""subOptions"":[{""label"":""Semântica: header/nav/main/section/footer"",""value"":""estrutura_semantica_layout""},{""label"":""1x H1 por página + hierarquia H2/H3"",""value"":""estrutura_headings""},{""label"":""Server/Client Components coerentes (App Router)"",""value"":""estrutura_server_client_boundaries""},{""label"":""Separação de concerns (app/components/lib/hooks/config)"",""value"":""estrutura_concerns""},{""label"":""Roteamento e layouts consistentes (public/admin)"",""value"":""estrutura_layouts_public_admin""}]},{""label"":""UI/UX (Legibilidade e Consistência Visual)"",""value"":""ui_ux"",""subOptions"":[{""label"":""Grid Ghost: colunas/gutters/largura útil"",""value"":""uiux_grid_ghost""},{""label"":""Margens laterais edge-to-edge sem saltos"",""value"":""uiux_margens_laterais""},{""label"":""Escala tipográfica (hierarquia/contraste)"",""value"":""uiux_tipografia""},{""label"":""Consistência de componentes (botões/inputs/cards)"",""value"":""uiux_componentes""},{""label"":""Estados de UI (loading/empty/error/success)"",""value"":""uiux_estados""},{""label"":""Portfolio Grid: cards mesma altura por linha + preencher 100% horizontal"",""value"":""uiux_portfolio_cards""}]},{""label"":""Mobile-first (Responsividade Real)"",""value"":""mobile_first"",""subOptions"":[{""label"":""320px+ sem overflow horizontal"",""value"":""mobile_overflow_320""},{""label"":""Touch targets >= 48x48"",""value"":""mobile_touch_targets""},{""label"":""Layout e tipografia legíveis no mobile"",""value"":""mobile_legibilidade""},{""label"":""Interações por toque (scroll, carrosséis, modais)"",""value"":""mobile_interacoes_toque""}]},{""label"":""Acessibilidade (WCAG AA)"",""value"":""acessibilidade"",""subOptions"":[{""label"":""Contraste (AA) em textos e botões"",""value"":""a11y_contraste""},{""label"":""Foco visível + ordem de tabulação"",""value"":""a11y_focus_tab""},{""label"":""Navegação por teclado completa"",""value"":""a11y_teclado""},{""label"":""ARIA apenas quando necessário (correto)"",""value"":""a11y_aria""},{""label"":""Modal: trap de foco + Esc + retorno de foco"",""value"":""a11y_modal_focus_trap""}]},{""label"":""Motion (Sutil + Reduced Motion)"",""value"":""motion"",""subOptions"":[{""label"":""Proibir: scale/bounce/rotate em conteúdo"",""value"":""motion_proibir_transformacoes""},{""label"":""Permitir: opacity/blur/translateY (<= 18px)"",""value"":""motion_permitidos""},{""label"":""prefers-reduced-motion respeitado (desligar parallax/3D)"",""value"":""motion_reduced_motion""},{""label"":""Lenis/scroll suave sem prejudicar acessibilidade"",""value"":""motion_lenis_safe""}]},{""label"":""Performance (Core Web Vitals + peso)"",""value"":""performance"",""subOptions"":[{""label"":""Peso inicial < 2MB"",""value"":""perf_peso_inicial""},{""label"":""FCP < 2s"",""value"":""perf_fcp""},{""label"":""LCP < 2.5s"",""value"":""perf_lcp""},{""label"":""TTI < 5s (3G)"",""value"":""perf_tti_3g""},{""label"":""CLS < 0.1"",""value"":""perf_cls""},{""label"":""Lighthouse > 90 (páginas principais)"",""value"":""perf_lighthouse""},{""label"":""Imagens (next/image, sizing, lazy, formatos)"",""value"":""perf_imagens""},{""label"":""JS/CSS: code-splitting e evitar hidratação desnecessária"",""value"":""perf_bundle_hydration""},{""label"":""R3F/Three: não bloquear conteúdo; carregar sob demanda"",""value"":""perf_three_guardrails""}]},{""label"":""Funcionalidade (Navegação e Comportamentos Críticos)"",""value"":""funcionalidade"",""subOptions"":[{""label"":""Navegação entre rotas (header/links)"",""value"":""func_nav_links""},{""label"":""Abertura de páginas e rotas protegidas (/admin)"",""value"":""func_admin_protected_routes""},{""label"":""Portfolio: card abre modal (sem landing)"",""value"":""func_portfolio_modal_sem_landing""},{""label"":""Portfolio: card abre /projects/[slug] (com landing)"",""value"":""func_portfolio_link_com_landing""},{""label"":""Fechamento de modal (Esc/click fora/botão)"",""value"":""func_modal_close""},{""label"":""CRUD Admin: criar/editar/publish e refletir no público"",""value"":""func_admin_crud_publish""}]},{""label"":""SEO Técnico (quando aplicável)"",""value"":""seo"",""subOptions"":[{""label"":""Metadata (title/description) por rota"",""value"":""seo_metadata""},{""label"":""Canonical"",""value"":""seo_canonical""},{""label"":""Open Graph/Twitter Cards"",""value"":""seo_og""},{""label"":""JSON-LD (quando fizer sentido)"",""value"":""seo_jsonld""},{""label"":""Robots/sitemap (se existir no projeto)"",""value"":""seo_robots_sitemap""}]},{""label"":""Fluxos E2E (Prioridade Máxima)"",""value"":""e2e_fluxos"",""subOptions"":[{""label"":""Header: / → /sobre → /portfolio → #contact"",""value"":""e2e_header_nav""},{""label"":""/portfolio: modal quando não há landing vinculada"",""value"":""e2e_portfolio_modal""},{""label"":""/portfolio: abre /projects/[slug] quando há landing vinculada"",""value"":""e2e_portfolio_project_link""},{""label"":""Modal: Esc + trap de foco + retorno de foco"",""value"":""e2e_modal_a11y""},{""label"":""Admin: criar/editar landing page e visualizar pública"",""value"":""e2e_admin_landing_publish""},{""label"":""Admin: publicar trabalho e validar visibilidade em Home/Portfólio"",""value"":""e2e_admin_trabalho_publish""}]},{""label"":""Full Auditoria"",""value"":""Executar uma auditoria página por página, incluindo área `ADMIN`, avaliando: 1. Estrutura, 2. UI/UX, 3. Mobile-first, 4. Animações, 5. Performance, 6. Funcionalidade de abertura de páginas, 7. Execução da abertura dos cards, 8. Visualização das landing pages, 9. Visualização dos trabalhos postados"",""subOptions"":[]}]",2026-02-25 10:24:08.133+00,2026-02-25 10:24:08.133+00